ticker,ex_date,dividend,split
ABUK.CA,2024-10-22,7.5,0.0
ABUK.CA,2025-10-22,6.0,0.0
ABUK.CA,2026-04-20,2.3,0.0
ACGC.CA,2026-08-20,0.0,1.08
ADIB.CA,2025-06-10,0.0,2.0
AFMC.CA,2024-11-05,0.75,0.0
AFMC.CA,2025-11-10,0.75,0.0
ALCN.CA,2024-11-26,0.17528388,0.0
ALCN.CA,2025-11-11,0.17528388,0.0
ALCN.CA,2026-05-12,0.991132,0.0
AMIA.CA,2025-05-06,0.14,0.0
AMIA.CA,2026-04-08,0.1,0.0
AMOC.CA,2024-10-10,0.75,0.0
AMOC.CA,2025-10-13,0.8,0.0
AMOC.CA,2026-04-20,0.4,0.0
ARCC.CA,2025-01-08,1.585,0.0
ARCC.CA,2025-12-22,2.94,0.0
ARCC.CA,2026-04-14,5.34,0.0
ATLC.CA,2025-04-16,0.47,0.0
ATLC.CA,2026-04-09,0.346516,0.0
BINV.CA,2025-06-22,1.3125921,0.0
BINV.CA,2026-07-21,1.593694,0.0
CANA.CA,2025-01-15,0.0,1.3
CANA.CA,2026-04-15,0.0,1.538462
CEFM.CA,2024-10-23,4.5,0.0
CEFM.CA,2025-11-04,5.0,0.0
CIEB.CA,2025-04-15,3.2,0.0
CIEB.CA,2026-04-20,3.323337,0.0
CIRA.CA,2024-10-29,0.257382,0.0
CIRA.CA,2025-12-28,0.343177,0.0
COMI.CA,2025-04-08,2.272727,0.0
COMI.CA,2025-12-17,0.0,1.1
COMI.CA,2026-04-07,6.0,0.0
CSAG.CA,2024-12-01,2.051527,0.0
CSAG.CA,2025-12-18,2.899535,0.0
EAST.CA,2024-10-17,2.7,0.0
EAST.CA,2025-12-07,2.85,0.0
EAST.CA,2026-05-21,1.45,0.0
EFIC.CA,2025-04-28,10.915007,0.0
EFIC.CA,2025-08-07,0.0,1.374255
EFIC.CA,2026-04-28,2.0,0.0
EFID.CA,2024-11-26,0.190472,0.0
EFID.CA,2025-04-28,0.380993,0.0
EFID.CA,2025-06-10,0.0,2.0
EFID.CA,2026-05-12,0.575945,0.0
EFID.CA,2026-09-29,0.0,1.5
EFIH.CA,2024-12-25,0.131577,0.0
EFIH.CA,2025-06-02,0.0,1.5
EFIH.CA,2025-06-23,0.1145,0.0
EFIH.CA,2025-12-28,0.174219,0.0
EFIH.CA,2026-06-25,0.119012,0.0
EGAL.CA,2024-11-19,7.0,0.0
EGAL.CA,2025-10-14,8.0,0.0
EGAS.CA,2025-04-28,0.5,0.0
EGAS.CA,2026-05-04,0.5,0.0
ELSH.CA,2025-07-02,0.05,0.0
ELSH.CA,2025-12-24,0.05,0.0
ELSH.CA,2026-06-25,0.05,0.0
ENGC.CA,2025-05-06,1.25,0.0
ETEL.CA,2025-04-22,1.5,0.0
ETEL.CA,2026-04-28,1.5,0.0
ETRS.CA,2025-08-05,0.25,0.0
ETRS.CA,2026-07-29,0.35,0.0
EXPA.CA,2025-09-18,0.0,1.3741998
FERC.CA,2025-10-14,6.0423,0.0
GBCO.CA,2025-04-28,0.35,0.0
GBCO.CA,2026-04-27,0.35,0.0
HDBK.CA,2025-04-13,2.5,0.0
HDBK.CA,2026-04-07,4.0,0.0
HDBK.CA,2026-07-08,0.0,2.0
HELI.CA,2025-06-02,0.446413,0.0
HELI.CA,2025-09-25,0.0,3.0
HELI.CA,2026-05-18,0.446039,0.0
HRHO.CA,2026-06-25,0.278,0.0
ICFC.CA,2025-10-02,0.0,1.73
IFAP.CA,2025-02-27,0.0,2.375
INFI.CA,2025-02-20,0.0,1.15
INFI.CA,2025-04-28,0.178571,0.0
INFI.CA,2026-02-18,0.0,1.4
ISMQ.CA,2024-11-19,0.1,0.0
ISMQ.CA,2025-10-14,0.42,0.0
ISPH.CA,2025-10-13,0.16,0.0
ISPH.CA,2026-04-27,0.13,0.0
JUFO.CA,2025-09-08,0.192,0.0
JUFO.CA,2025-11-06,0.0,1.25
JUFO.CA,2026-05-12,0.32,0.0
JUFO.CA,2026-08-06,0.0,1.25
MASR.CA,2025-05-27,0.24,0.0
MASR.CA,2026-03-04,0.0,1.041667
MASR.CA,2026-05-20,0.15,0.0
MBSC.CA,2025-07-16,6.0,0.0
MBSC.CA,2026-06-16,20.0,0.0
MCQE.CA,2025-06-24,1.0,0.0
MCQE.CA,2026-04-23,10.0,0.0
MFPC.CA,2025-05-05,2.537234,0.0
MFPC.CA,2025-07-23,0.0,1.379455
MFPC.CA,2026-05-04,3.9386,0.0
MPCI.CA,2024-11-13,4.0,0.0
MPCI.CA,2025-10-27,13.187,0.0
MPRC.CA,2025-07-29,0.5,0.0
MTIE.CA,2025-09-18,0.0,1.25
MTIE.CA,2026-08-13,0.0,1.2
NCCW.CA,2025-08-21,0.0,1.301241
NCCW.CA,2026-08-06,0.0,1.2
NIPH.CA,2024-11-19,2.469513,0.0
NIPH.CA,2025-10-29,2.0,0.0
OLFI.CA,2025-03-25,2.0,0.0
OLFI.CA,2026-03-24,1.75,0.0
ORHD.CA,2025-09-23,0.384,0.0
ORWE.CA,2025-04-28,1.6,0.0
ORWE.CA,2026-05-18,1.5,0.0
PHAR.CA,2025-04-22,3.0,0.0
PHAR.CA,2026-04-28,3.5,0.0
RAYA.CA,2025-07-07,0.04,0.0
RMDA.CA,2025-07-07,0.080401,0.0
RMDA.CA,2025-12-03,0.0,1.32363
RMDA.CA,2026-06-02,0.03,0.0
SAUD.CA,2025-04-14,0.85,0.0
SAUD.CA,2026-04-14,1.1,0.0
SKPC.CA,2024-10-10,0.0,1.2
SKPC.CA,2025-05-27,0.8,0.0
SKPC.CA,2026-01-12,0.0,1.25
SPIN.CA,2025-07-31,0.0,1.125
SUGR.CA,2024-12-24,5.0,0.0
SWDY.CA,2025-05-13,1.0,0.0
SWDY.CA,2026-06-02,1.85,0.0
TMGH.CA,2025-05-27,0.25,0.0
TMGH.CA,2026-05-19,0.3,0.0
ZEOT.CA,2025-04-07,0.05,0.0
ZMID.CA,2024-12-19,0.0,1.893939
ZMID.CA,2025-04-28,0.2,0.0
ZMID.CA,2026-04-28,0.25,0.0
